{"mean_square_error": 0.0007988608851906045, "std_square_error": 0.001564527071683673, "max_square_error": 0.007018481616623815, "mean_risk": 0.002685543114493774, "std_risk": 0.005278216548363118, "max_risk": 0.023667146451683333, "mean_mmr_loss": 0.015454899671021849, "std_mmr_loss": 0.013627308723606589, "n_runs": 20, "hyperparam_values": [0.0001, 0.0001, 0.001, 0.0001, 0.0001, 0.0001, 0.1, 0.1, 0.0001, 0.1, 0.1, 0.1, 0.1, 0.01, 0.01, 0.001, 0.001, 0.01, 0.01, 0.1]}