{"mean_square_error": 0.011440255726266165, "std_square_error": 0.02275976307780824, "max_square_error": 0.10454171655103203, "mean_risk": 0.03819729132834978, "std_risk": 0.07596578759345515, "max_risk": 0.3489851718702731, "mean_mmr_loss": 0.03939646712969989, "std_mmr_loss": 0.038936400862380746, "n_runs": 20, "hyperparam_values": [null, null, null, null, null, null, null, null, null, null, null, null, null, null, null, null, null, null, null, null]}