{"mean_square_error": 0.02217021471534224, "std_square_error": 0.024375980425477176, "max_square_error": 0.07825550792073051, "mean_risk": 0.07396880497484154, "std_risk": 0.08121028203548734, "max_risk": 0.2590287751208692, "mean_mmr_loss": 0.07273674537427724, "std_mmr_loss": 0.07758164805227417, "n_runs": 20, "hyperparam_values": [null, null, null, null, null, null, null, null, null, null, null, null, null, null, null, null, null, null, null, null]}