{"mean_square_error": 0.006231854570609131, "std_square_error": 0.005950653060479006, "max_square_error": 0.02028546827146786, "mean_risk": 0.020886490349452454, "std_risk": 0.019999797188962217, "max_risk": 0.06815295484157526, "mean_mmr_loss": 0.3539639620576054, "std_mmr_loss": 0.42194339502663625, "n_runs": 20, "hyperparam_values": [0.1, 0.0001, 0.1, 0.0001, 0.0001, 0.0001, 0.1, 0.1, 0.1, 0.01, 0.1, 0.01, 0.0001, 0.0001, 0.1, 0.001, 0.0001, 0.001, 0.01, 0.1]}