{"mean_square_error": 0.006695716847314083, "std_square_error": 0.00901761901221219, "max_square_error": 0.03316847211609453, "mean_risk": 0.022425977349602184, "std_risk": 0.030168889633195757, "max_risk": 0.11074222665900191, "mean_mmr_loss": 0.04900007526157424, "std_mmr_loss": 0.04747800810789224, "n_runs": 20, "hyperparam_values": [null, null, null, null, null, null, null, null, null, null, null, null, null, null, null, null, null, null, null, null]}