{"mean_square_error": 0.037139083637030695, "std_square_error": 0.05420133537169104, "max_square_error": 0.23822569465766955, "mean_risk": 0.12423495814448411, "std_risk": 0.1808578659477552, "max_risk": 0.7943346315328536, "mean_mmr_loss": 0.07087981504155323, "std_mmr_loss": 0.06128271355121543, "n_runs": 20, "hyperparam_values": [null, null, null, null, null, null, null, null, null, null, null, null, null, null, null, null, null, null, null, null]}