{"mean_square_error": 0.11550511811547723, "std_square_error": 0.1634686372608276, "max_square_error": 0.6017122607032072, "mean_risk": 0.3850090870944591, "std_risk": 0.5424231296144139, "max_risk": 1.994383759952844, "mean_mmr_loss": 0.24615349578671158, "std_mmr_loss": 0.26625809727679406, "n_runs": 20, "hyperparam_values": [null, null, null, null, null, null, null, null, null, null, null, null, null, null, null, null, null, null, null, null]}