{"mean_square_error": 0.11688097636155532, "std_square_error": 0.11382908026753888, "max_square_error": 0.42497075714651134, "mean_risk": 0.3922709156385903, "std_risk": 0.3837372528852131, "max_risk": 1.4453914498496176, "mean_mmr_loss": 0.27078581769019366, "std_mmr_loss": 0.23620743186086093, "n_runs": 20, "hyperparam_values": [null, null, null, null, null, null, null, null, null, null, null, null, null, null, null, null, null, null, null, null]}