{"mean_square_error": 0.010376174361821311, "std_square_error": 0.011155240279854836, "max_square_error": 0.03552131162343582, "mean_risk": 0.03461579266830014, "std_risk": 0.03702356667666717, "max_risk": 0.11696291406502178, "mean_mmr_loss": 0.8629825327545404, "std_mmr_loss": 1.0928319376289177, "n_runs": 20, "hyperparam_values": [1e-08, 0.0001, 1e-08, 1e-06, 0.0001, 1e-08, 1e-06, 0.0001, 1e-06, 1e-08, 0.0001, 1e-06, 0.0001, 1e-06, 1e-06, 0.0001, 0.0001, 1e-06, 0.0001, 0.0001]}