{"mean_square_error": 0.0038762568585099188, "std_square_error": 0.006203861949935925, "max_square_error": 0.025954840543645302, "mean_risk": 0.013008803488734838, "std_risk": 0.020854447183659173, "max_risk": 0.08714067508970688, "mean_mmr_loss": 0.008178536230116152, "std_mmr_loss": 0.007025433928191937, "n_runs": 20, "hyperparam_values": [null, null, null, null, null, null, null, null, null, null, null, null, null, null, null, null, null, null, null, null]}