{"mean_square_error": 0.003084211909803684, "std_square_error": 0.0036414572559798, "max_square_error": 0.01609577013151463, "mean_risk": 0.01034057932276956, "std_risk": 0.012187284765018163, "max_risk": 0.05379350353264965, "mean_mmr_loss": 0.016436454288486856, "std_mmr_loss": 0.013027548628180535, "n_runs": 20, "hyperparam_values": [null, null, null, null, null, null, null, null, null, null, null, null, null, null, null, null, null, null, null, null]}