{"mean_square_error": 0.0655743022305728, "std_square_error": 0.08761256986738282, "max_square_error": 0.3896681572604599, "mean_risk": 0.22019803845124017, "std_risk": 0.29610078513003163, "max_risk": 1.3193607206719427, "mean_mmr_loss": 0.3323885547462851, "std_mmr_loss": 0.3185207220872142, "n_runs": 20, "hyperparam_values": [null, null, null, null, null, null, null, null, null, null, null, null, null, null, null, null, null, null, null, null]}