{"mean_square_error": 0.02667973593126134, "std_square_error": 0.05398545109895754, "max_square_error": 0.23426049210222336, "mean_risk": 0.08910937625957029, "std_risk": 0.18015776611709328, "max_risk": 0.7820173678430504, "mean_mmr_loss": 0.04885826308745891, "std_mmr_loss": 0.054352680325005086, "n_runs": 20, "hyperparam_values": [null, null, null, null, null, null, null, null, null, null, null, null, null, null, null, null, null, null, null, null]}