{"mean_square_error": 0.5313558354137339, "std_square_error": 0.7206147213278513, "max_square_error": 2.9285035968252124, "mean_risk": 1.7803823724738599, "std_risk": 2.418028838299466, "max_risk": 9.839000057995511, "mean_mmr_loss": 1.4269353814423085, "std_mmr_loss": 2.0828340566769086, "n_runs": 20, "hyperparam_values": [null, null, null, null, null, null, null, null, null, null, null, null, null, null, null, null, null, null, null, null]}