{"mean_square_error": 0.055547888916517116, "std_square_error": 0.07903373281092359, "max_square_error": 0.30433884513727255, "mean_risk": 0.18691515298858313, "std_risk": 0.26779447497025227, "max_risk": 1.0351069897690603, "mean_mmr_loss": 0.10321436878293752, "std_mmr_loss": 0.08514640243058837, "n_runs": 20, "hyperparam_values": [null, null, null, null, null, null, null, null, null, null, null, null, null, null, null, null, null, null, null, null]}