{"mean_square_error": 0.039114971374930294, "std_square_error": 0.05437084529526081, "max_square_error": 0.23962719412812483, "mean_risk": 0.1308261734177319, "std_risk": 0.1814200139858071, "max_risk": 0.7990077634658809, "mean_mmr_loss": 0.07420048183994368, "std_mmr_loss": 0.06524080202724365, "n_runs": 20, "hyperparam_values": [null, null, null, null, null, null, null, null, null, null, null, null, null, null, null, null, null, null, null, null]}