{"mean_square_error": 0.00036754592316867697, "std_square_error": 0.0003822192832268115, "max_square_error": 0.0013405038716518838, "mean_risk": 0.0012283917120161079, "std_risk": 0.0012745392685115829, "max_risk": 0.004474921099625509, "mean_mmr_loss": 0.033026547252666204, "std_mmr_loss": 0.033147229709768584, "n_runs": 20, "hyperparam_values": [0.0001, 0.0001, 1e-06, 0.0001, 1e-08, 1e-08, 1e-08, 1e-08, 1e-08, 1e-06, 1e-06, 0.0001, 0.0001, 1e-06, 0.0001, 1e-08, 1e-06, 0.0001, 1e-08, 1e-06]}