{"mean_square_error": 0.019963884587053258, "std_square_error": 0.02475197909722107, "max_square_error": 0.08472029239870603, "mean_risk": 0.06674550448335895, "std_risk": 0.08263149248276702, "max_risk": 0.2833466553480276, "mean_mmr_loss": 0.0660889508202672, "std_mmr_loss": 0.05192699078361921, "n_runs": 20, "hyperparam_values": [null, null, null, null, null, null, null, null, null, null, null, null, null, null, null, null, null, null, null, null]}