{"mean_square_error": 0.002782263790581396, "std_square_error": 0.0032622933162230745, "max_square_error": 0.014289441086041257, "mean_risk": 0.009284191304328573, "std_risk": 0.010842171514907378, "max_risk": 0.04748066932030022, "mean_mmr_loss": 0.1191993058891967, "std_mmr_loss": 0.11651794569153065, "n_runs": 20, "hyperparam_values": [0.0001, 1e-06, 1e-06, 1e-08, 1e-08, 1e-08, 0.0001, 0.0001, 0.0001, 1e-08, 1e-08, 1e-06, 1e-08, 0.0001, 1e-08, 1e-08, 1e-06, 1e-06, 1e-06, 1e-08]}