{"mean_square_error": 0.2017714049676999, "std_square_error": 0.7824136407194144, "max_square_error": 3.61, "mean_risk": 0.679985950572628, "std_risk": 2.638707887561762, "max_risk": 12.174404592772655, "mean_mmr_loss": 0.7705293307080865, "std_mmr_loss": 0.9844797078562473, "n_runs": 20, "hyperparam_values": [0.1, 0.001, 0.1, 0.0001, 0.1, 0.1, 0.001, 0.1, 0.1, 0.1, 0.01, 0.01, 0.1, 0.0001, 0.01, 0.001, 0.1, 0.1, 0.0001, 0.0001]}