{"mean_square_error": 0.0022553614192884226, "std_square_error": 0.003983263644142597, "max_square_error": 0.016933743709896566, "mean_risk": 0.007517397874617507, "std_risk": 0.01321509245648239, "max_risk": 0.05613254163073618, "mean_mmr_loss": 0.015538196057605091, "std_mmr_loss": 0.01429310940052347, "n_runs": 20, "hyperparam_values": [null, null, null, null, null, null, null, null, null, null, null, null, null, null, null, null, null, null, null, null]}