{"mean_square_error": 0.010985535977313814, "std_square_error": 0.01447540548492003, "max_square_error": 0.05177124742418532, "mean_risk": 0.03674629507597772, "std_risk": 0.04830895301322789, "max_risk": 0.17262493539844911, "mean_mmr_loss": 0.04693956740666181, "std_mmr_loss": 0.048480202437796646, "n_runs": 20, "hyperparam_values": [null, null, null, null, null, null, null, null, null, null, null, null, null, null, null, null, null, null, null, null]}