{"mean_square_error": 0.5139484161805278, "std_square_error": 0.447174303749909, "max_square_error": 1.422428771427278, "mean_risk": 1.7211693985096983, "std_risk": 1.5027137495416305, "max_risk": 4.769028817564655, "mean_mmr_loss": 1.1935783698223532, "std_mmr_loss": 1.2771069482738624, "n_runs": 20, "hyperparam_values": [null, null, null, null, null, null, null, null, null, null, null, null, null, null, null, null, null, null, null, null]}