{"mean_square_error": 0.062127842127582225, "std_square_error": 0.08601464321206366, "max_square_error": 0.31392181484920956, "mean_risk": 0.20905149572994036, "std_risk": 0.29162257236535294, "max_risk": 1.0677002653164875, "mean_mmr_loss": 0.11032102196477353, "std_mmr_loss": 0.08860159174853299, "n_runs": 20, "hyperparam_values": [null, null, null, null, null, null, null, null, null, null, null, null, null, null, null, null, null, null, null, null]}