{"mean_square_error": 0.017412089973443585, "std_square_error": 0.03041219549013366, "max_square_error": 0.1409378478501116, "mean_risk": 0.05875905940549857, "std_risk": 0.10344877828794079, "max_risk": 0.4793530413178273, "mean_mmr_loss": 0.06877795485779643, "std_mmr_loss": 0.04955277021561072, "n_runs": 20, "hyperparam_values": [null, null, null, null, null, null, null, null, null, null, null, null, null, null, null, null, null, null, null, null]}