{"mean_square_error": 0.19098443080333677, "std_square_error": 0.26162580027068416, "max_square_error": 0.9267741395618035, "mean_risk": 0.6425880313682532, "std_risk": 0.882174952215143, "max_risk": 3.11192519039443, "mean_mmr_loss": 0.47615299504250286, "std_mmr_loss": 0.46373221767841594, "n_runs": 20, "hyperparam_values": [null, null, null, null, null, null, null, null, null, null, null, null, null, null, null, null, null, null, null, null]}