{"mean_square_error": 0.007387780312262183, "std_square_error": 0.01117541567313041, "max_square_error": 0.047956512235723454, "mean_risk": 0.024615948889067825, "std_risk": 0.037066251249719066, "max_risk": 0.15896785261976576, "mean_mmr_loss": 0.019557855179300532, "std_mmr_loss": 0.01997936520568669, "n_runs": 20, "hyperparam_values": [null, null, null, null, null, null, null, null, null, null, null, null, null, null, null, null, null, null, null, null]}