{"mean_square_error": 0.0011306368973430375, "std_square_error": 0.0016413588385313204, "max_square_error": 0.005160807492356968, "mean_risk": 0.003780331010593349, "std_risk": 0.005494584943616435, "max_risk": 0.017169261558273804, "mean_mmr_loss": 0.043295682640746236, "std_mmr_loss": 0.053906928761547374, "n_runs": 20, "hyperparam_values": [0.1, 0.01, 0.0001, 0.0001, 0.001, 0.0001, 0.01, 0.1, 0.0001, 0.0001, 0.001, 0.001, 0.01, 0.01, 0.001, 0.01, 0.1, 0.0001, 0.01, 0.1]}