{"mean_square_error": 1.0168827630049821, "std_square_error": 1.0769675542465902, "max_square_error": 3.89703586209831, "mean_risk": 3.403411610887395, "std_risk": 3.6107263150818287, "max_risk": 13.093013138666054, "mean_mmr_loss": 2.0861401252448557, "std_mmr_loss": 3.1476711963442607, "n_runs": 20, "hyperparam_values": [null, null, null, null, null, null, null, null, null, null, null, null, null, null, null, null, null, null, null, null]}