{"mean_square_error": 0.009827194062016245, "std_square_error": 0.015266407961905645, "max_square_error": 0.0638419853235609, "mean_risk": 0.032988112413607, "std_risk": 0.05129350232911578, "max_risk": 0.2143428187329634, "mean_mmr_loss": 0.012875573366181925, "std_mmr_loss": 0.01146257121016686, "n_runs": 20, "hyperparam_values": [null, null, null, null, null, null, null, null, null, null, null, null, null, null, null, null, null, null, null, null]}