{"mean_square_error": 0.010774970774707526, "std_square_error": 0.016507252123550385, "max_square_error": 0.07072337273494664, "mean_risk": 0.0361674452769196, "std_risk": 0.055442546952909504, "max_risk": 0.23744636043715095, "mean_mmr_loss": 0.014060778688872233, "std_mmr_loss": 0.012755911088297711, "n_runs": 20, "hyperparam_values": [null, null, null, null, null, null, null, null, null, null, null, null, null, null, null, null, null, null, null, null]}