{"mean_square_error": 0.4991438202710274, "std_square_error": 0.44419283591545705, "max_square_error": 1.5542462084567208, "mean_risk": 1.6720108686418242, "std_risk": 1.4929912223402515, "max_risk": 5.210977945305532, "mean_mmr_loss": 1.1759851276874542, "std_mmr_loss": 1.3377384085419255, "n_runs": 20, "hyperparam_values": [null, null, null, null, null, null, null, null, null, null, null, null, null, null, null, null, null, null, null, null]}