{"mean_square_error": 0.12599297572788046, "std_square_error": 0.1329973539533886, "max_square_error": 0.48646479637714957, "mean_risk": 0.42209121989138493, "std_risk": 0.4465511998600064, "max_risk": 1.63437260861784, "mean_mmr_loss": 0.4309779033763334, "std_mmr_loss": 0.4909886022325451, "n_runs": 20, "hyperparam_values": [null, null, null, null, null, null, null, null, null, null, null, null, null, null, null, null, null, null, null, null]}