{"mean_square_error": 0.0009385575660195393, "std_square_error": 0.0011187037770672508, "max_square_error": 0.0033425994291269388, "mean_risk": 0.003139168082937039, "std_risk": 0.003739560134955176, "max_risk": 0.01112034695880574, "mean_mmr_loss": 0.045455105684231965, "std_mmr_loss": 0.05900835491466428, "n_runs": 20, "hyperparam_values": [0.0001, 0.0001, 1e-08, 1e-08, 0.0001, 1e-06, 1e-06, 1e-08, 1e-06, 0.0001, 1e-08, 1e-08, 1e-06, 1e-06, 1e-06, 1e-08, 1e-08, 0.0001, 1e-08, 1e-06]}