{"mean_square_error": 0.031062487847196972, "std_square_error": 0.038918513374315025, "max_square_error": 0.11402083058285149, "mean_risk": 0.10406540566941314, "std_risk": 0.13065853240756162, "max_risk": 0.3858281372514155, "mean_mmr_loss": 0.1727890463778749, "std_mmr_loss": 0.15750731900062398, "n_runs": 20, "hyperparam_values": [null, null, null, null, null, null, null, null, null, null, null, null, null, null, null, null, null, null, null, null]}