{"mean_square_error": 0.07653600065790954, "std_square_error": 0.11470344822330503, "max_square_error": 0.44498786572913546, "mean_risk": 0.2570842568340879, "std_risk": 0.3858249206597792, "max_risk": 1.4941816856875385, "mean_mmr_loss": 0.37340797621291133, "std_mmr_loss": 0.3655630025996764, "n_runs": 20, "hyperparam_values": [null, null, null, null, null, null, null, null, null, null, null, null, null, null, null, null, null, null, null, null]}