{"mean_square_error": 0.007708504654738708, "std_square_error": 0.010428808141755352, "max_square_error": 0.043301436256499494, "mean_risk": 0.02570686787057878, "std_risk": 0.034599653817788296, "max_risk": 0.1435370491135119, "mean_mmr_loss": 0.020583531190641224, "std_mmr_loss": 0.02070586456240639, "n_runs": 20, "hyperparam_values": [null, null, null, null, null, null, null, null, null, null, null, null, null, null, null, null, null, null, null, null]}