{"mean_square_error": 0.004380289211070475, "std_square_error": 0.003920372693512699, "max_square_error": 0.014446564682439182, "mean_risk": 0.014637651726316944, "std_risk": 0.013025576191662752, "max_risk": 0.047819114725258925, "mean_mmr_loss": 0.361649055685848, "std_mmr_loss": 0.44265142190488255, "n_runs": 20, "hyperparam_values": [1e-08, 1e-08, 0.0001, 1e-06, 1e-08, 0.0001, 0.0001, 0.0001, 1e-08, 0.0001, 1e-08, 1e-08, 1e-06, 1e-06, 1e-08, 1e-08, 1e-06, 1e-08, 1e-08, 1e-06]}