{"mean_square_error": 0.11079841662050469, "std_square_error": 0.1097632394909901, "max_square_error": 0.4257676812223967, "mean_risk": 0.3720589847864734, "std_risk": 0.37065812089009503, "max_risk": 1.4481019156506105, "mean_mmr_loss": 0.2636722238734365, "std_mmr_loss": 0.2195564043193174, "n_runs": 20, "hyperparam_values": [null, null, null, null, null, null, null, null, null, null, null, null, null, null, null, null, null, null, null, null]}