{"mean_square_error": 0.06707334666454544, "std_square_error": 0.07807824516043115, "max_square_error": 0.30345115210248014, "mean_risk": 0.22426472921609913, "std_risk": 0.2611679175414085, "max_risk": 1.0165154380973886, "mean_mmr_loss": 0.11699372229049913, "std_mmr_loss": 0.13463244114691855, "n_runs": 20, "hyperparam_values": [null, null, null, null, null, null, null, null, null, null, null, null, null, null, null, null, null, null, null, null]}