{"mean_square_error": 0.22241226896642413, "std_square_error": 0.22226686790132785, "max_square_error": 0.8242069962888856, "mean_risk": 0.7460142411957642, "std_risk": 0.7487376462343318, "max_risk": 2.770378052616496, "mean_mmr_loss": 0.8460900790058077, "std_mmr_loss": 0.8824510003037154, "n_runs": 20, "hyperparam_values": [null, null, null, null, null, null, null, null, null, null, null, null, null, null, null, null, null, null, null, null]}