{"mean_square_error": 0.0002192443364282336, "std_square_error": 0.0002767811375666493, "max_square_error": 0.0008590250846486977, "mean_risk": 0.0007332480714289686, "std_risk": 0.0009255388803124549, "max_risk": 0.0028486517501406195, "mean_mmr_loss": 0.01681849523447454, "std_mmr_loss": 0.013574592964545027, "n_runs": 20, "hyperparam_values": [1e-06, 1e-06, 0.0001, 1e-06, 1e-06, 1e-08, 0.0001, 0.0001, 1e-08, 1e-06, 0.0001, 0.0001, 1e-06, 0.0001, 0.0001, 1e-06, 0.0001, 1e-06, 1e-08, 0.0001]}