{"mean_square_error": 0.27854049927873814, "std_square_error": 0.3062974141338725, "max_square_error": 1.064818152434075, "mean_risk": 0.9274770032340769, "std_risk": 1.0148943968163824, "max_risk": 3.533426817490459, "mean_mmr_loss": 0.4160435892175883, "std_mmr_loss": 0.3994779146912527, "n_runs": 20, "hyperparam_values": [null, null, null, null, null, null, null, null, null, null, null, null, null, null, null, null, null, null, null, null]}