{"mean_square_error": 0.19513095440632713, "std_square_error": 0.28761495327459574, "max_square_error": 1.104054855754666, "mean_risk": 0.6563693690082634, "std_risk": 0.9689862744807936, "max_risk": 3.7071989444468554, "mean_mmr_loss": 0.49676062148064376, "std_mmr_loss": 0.5065732119290497, "n_runs": 20, "hyperparam_values": [null, null, null, null, null, null, null, null, null, null, null, null, null, null, null, null, null, null, null, null]}