{"mean_square_error": 0.0075447228152933105, "std_square_error": 0.007638012839501924, "max_square_error": 0.026542583984710263, "mean_risk": 0.025232682355518926, "std_risk": 0.02561996760078431, "max_risk": 0.08956932529390237, "mean_mmr_loss": 0.019083152804523707, "std_mmr_loss": 0.01582378795650637, "n_runs": 20, "hyperparam_values": [null, null, null, null, null, null, null, null, null, null, null, null, null, null, null, null, null, null, null, null]}