{"mean_square_error": 0.282625743721942, "std_square_error": 0.29204653054597574, "max_square_error": 1.0872986760856385, "mean_risk": 0.9446983588706923, "std_risk": 0.9762557431539125, "max_risk": 3.652990276882427, "mean_mmr_loss": 0.49432868147268894, "std_mmr_loss": 0.525198087035147, "n_runs": 20, "hyperparam_values": [null, null, null, null, null, null, null, null, null, null, null, null, null, null, null, null, null, null, null, null]}