{"mean_square_error": 0.0016313546724336433, "std_square_error": 0.0032642471684189924, "max_square_error": 0.012432872278370704, "mean_risk": 0.005461532346530493, "std_risk": 0.010913076041384357, "max_risk": 0.04150389208858672, "mean_mmr_loss": 0.032720207195961845, "std_mmr_loss": 0.03496693579813021, "n_runs": 20, "hyperparam_values": [0.001, 0.01, 0.0001, 0.1, 0.1, 0.1, 0.001, 0.0001, 0.0001, 0.0001, 0.01, 0.0001, 0.0001, 0.001, 0.1, 0.0001, 0.01, 0.0001, 0.1, 0.0001]}