{"mean_square_error": 0.04623247324766568, "std_square_error": 0.047302419405962325, "max_square_error": 0.15661402265865043, "mean_risk": 0.1550951185047991, "std_risk": 0.15874188624068808, "max_risk": 0.5182572773919191, "mean_mmr_loss": 0.19271698966622353, "std_mmr_loss": 0.14877241759770113, "n_runs": 20, "hyperparam_values": [null, null, null, null, null, null, null, null, null, null, null, null, null, null, null, null, null, null, null, null]}