{"mean_square_error": 0.001028069456524464, "std_square_error": 0.0013968314480120652, "max_square_error": 0.005063872076571, "mean_risk": 0.0034509457464671897, "std_risk": 0.0046948135152416505, "max_risk": 0.017024778599091617, "mean_mmr_loss": 0.006484295235713944, "std_mmr_loss": 0.005531544669010839, "n_runs": 20, "hyperparam_values": [null, null, null, null, null, null, null, null, null, null, null, null, null, null, null, null, null, null, null, null]}