{"mean_square_error": 0.0050141624593186395, "std_square_error": 0.008046593036750137, "max_square_error": 0.036756415522868374, "mean_risk": 0.016702829516636687, "std_risk": 0.026701229734454594, "max_risk": 0.12182965544140836, "mean_mmr_loss": 0.11641141569707543, "std_mmr_loss": 0.10794621550875497, "n_runs": 20, "hyperparam_values": [0.0001, 0.01, 0.0001, 0.0001, 0.001, 0.1, 0.01, 0.001, 0.0001, 0.1, 0.1, 0.0001, 0.1, 0.01, 0.0001, 0.1, 0.001, 0.01, 0.0001, 0.001]}