{"mean_square_error": 0.2303259611551823, "std_square_error": 0.27442004694821837, "max_square_error": 0.8323321216889078, "mean_risk": 0.7697980801040695, "std_risk": 0.9195891008867602, "max_risk": 2.7952141559676575, "mean_mmr_loss": 0.989856268465519, "std_mmr_loss": 1.3113441126634724, "n_runs": 20, "hyperparam_values": [null, null, null, null, null, null, null, null, null, null, null, null, null, null, null, null, null, null, null, null]}