{"mean_square_error": 0.02401813416260666, "std_square_error": 0.02444463492219321, "max_square_error": 0.0759747343139315, "mean_risk": 0.08022242956439979, "std_risk": 0.08179052074762269, "max_risk": 0.2563806797942249, "mean_mmr_loss": 0.031018273485824466, "std_mmr_loss": 0.030010835551702083, "n_runs": 20, "hyperparam_values": [null, null, null, null, null, null, null, null, null, null, null, null, null, null, null, null, null, null, null, null]}