{"mean_square_error": 0.0032708432171546105, "std_square_error": 0.005639371232772505, "max_square_error": 0.02554248839165669, "mean_risk": 0.010988848587616699, "std_risk": 0.019004078570812256, "max_risk": 0.08630840228733312, "mean_mmr_loss": 0.007234731793869287, "std_mmr_loss": 0.006168384599124236, "n_runs": 20, "hyperparam_values": [null, null, null, null, null, null, null, null, null, null, null, null, null, null, null, null, null, null, null, null]}