{"mean_square_error": 0.26616431404849034, "std_square_error": 0.29256266553979887, "max_square_error": 0.7194140983039891, "mean_risk": 0.8872655382453809, "std_risk": 0.9710287338095064, "max_risk": 2.386340449049966, "mean_mmr_loss": 0.18571400200016797, "std_mmr_loss": 0.18151449125306646, "n_runs": 4, "hyperparam_values": [null, null, null, null], "train_risks": [0.06633561246336893, 1.4498478982629621, 0.00015653878122001997, 1.921812597619993]}